,0.2,0.5,1.0,2.0
5,0.24289116876027947,0.22322804029645052,0.1272707271192406,0.02561346618306918
10,0.2559340631812926,0.19169266102985932,0.06961594671723116,0.0020503076387377262
15,0.23754832771588663,0.17821227129321346,0.019665536823962788,0.00011103641910813367
20,0.20633009150436205,0.12822123836955565,0.012684435847878223,8.968534035644903e-06
25,0.22563705131913803,0.09990318385590471,0.009214689962667735,2.308070084768854e-06
30,0.1925839374580976,0.06582976850528746,0.00269190616815144,1.7886693856050683e-08
35,0.17850399694329502,0.057579360279225604,0.0028032323567062432,1.2797912567474868e-08
40,0.18867401864782699,0.07779344619031585,0.00043035276586550817,1.0300923114492378e-10
45,0.16142944973371237,0.042613210206046685,0.0002845028943860883,3.876338139363611e-12
50,0.19456070883251123,0.03531266234403343,0.0002382991491585207,4.241405004989929e-12
55,0.1718939737436637,0.01990789999830284,3.926198614859211e-05,1.1812772982011666e-15
60,0.17068599681183882,0.023703538416952056,3.563495424631746e-05,6.278833009076834e-13
65,0.18662295922361583,0.030515349125596888,3.1236014687747726e-05,3.7747582837255325e-17
70,0.1429656439077303,0.025585709094268615,1.7505373470394491e-06,5.551115123125783e-18
75,0.186481919355955,0.013652257573529576,1.7103134732454617e-06,3.3306690738754695e-18
80,0.14166794766643598,0.01920599702186999,1.0028405380058113e-06,0.0
85,0.1343145446007864,0.009179545296875926,5.551854290630764e-07,0.0
90,0.12788321002326766,0.013979529659499975,1.0256451786483378e-06,0.0
95,0.14216362190753773,0.006485884692691886,1.1763606454562314e-06,0.0
100,0.12297625494123736,0.014922786403455537,2.3495189052091802e-08,0.0
105,0.1253998308667313,0.004927529464052714,4.3040473927113965e-08,0.0
110,0.13084193377850106,0.0038875510809911386,7.910606719674363e-09,0.0
115,0.11440577715805013,0.004587941638194672,1.3510682041999456e-05,0.0
120,0.12047692558222751,0.0037741607964692924,3.898085194631307e-09,0.0
125,0.12331822857376513,0.002076809696993248,9.872250572584562e-11,0.0
130,0.13584096568779208,0.0015555955413671385,9.219681373906496e-10,0.0
135,0.10070557556459737,0.002702440970201332,1.1730437166068697e-09,0.0
140,0.10365179094389922,0.0008021036217499689,3.147598381936234e-10,0.0
145,0.11078247641133887,0.001760959469832708,1.4266230419224257e-11,0.0
150,0.09637275552024416,0.0006070999517528653,3.10200742870137e-11,0.0
155,0.09380595346626334,0.0006802430860213149,2.0901156361219365e-11,0.0
160,0.09582771896309436,0.0006557118054424638,2.4026264311416413e-11,0.0
165,0.12331256386701096,0.0005874955688542205,1.0307010800403304e-12,0.0
170,0.0948305360267906,0.0008327835825433704,2.841649138218827e-13,0.0
175,0.08485187556733806,0.00013472547958108262,8.820721930646869e-15,0.0
180,0.08844542487585576,0.0002515496216261126,7.241962585169403e-13,0.0
185,0.07511006125269491,0.00041210533856163246,4.348743587456738e-15,0.0
190,0.08085870039122887,7.272090198233827e-05,1.8052226380405047e-15,0.0
195,0.06383765000574938,6.162876554111519e-05,8.293254971647457e-14,0.0
200,0.08308247038432107,8.013287370640665e-05,1.099120794378905e-16,0.0
205,0.07985277133581949,0.00034434973419386063,1.1990408665951691e-16,0.0
210,0.052096019113923454,8.749017155674665e-05,5.169198402654729e-14,0.0
215,0.0671248562340937,6.155374254221857e-05,2.4424906541753444e-17,0.0
220,0.05730735952804045,8.939056248268296e-06,5.329070518200751e-17,0.0
225,0.0758083391653739,3.5530556130057845e-05,1.3988810110276973e-16,0.0
230,0.04664173785401229,0.00012963175999157418,9.214851104388799e-17,0.0
235,0.0585491613274757,6.24075604353036e-05,0.0,0.0
240,0.06271209706371902,5.006456946271887e-05,0.0,0.0
245,0.07169348503697036,0.00015197908998799026,8.881784197001253e-18,0.0
250,0.05209908045779613,5.7723537287278636e-05,0.0,0.0
255,0.048766009774856504,1.3147262220971622e-05,3.1086244689504386e-17,0.0
260,0.06665565906959339,1.7819564703793756e-05,0.0,0.0
265,0.05948156085964925,1.0936052647375627e-05,0.0,0.0
270,0.0498299153591439,5.100006815819569e-05,0.0,0.0
275,0.05895342119032282,2.4552866523246397e-05,0.0,0.0
280,0.03967390351163787,1.8958622229094947e-05,0.0,0.0
285,0.025882418721777163,1.6508021909500402e-06,0.0,0.0
290,0.05786747256415129,2.5217442046299166e-06,0.0,0.0
295,0.03187955712985595,1.150801098623866e-05,1.1102230246251566e-18,0.0
300,0.045139320110641507,5.913403282125085e-06,0.0,0.0
305,0.04513078045315589,1.0945594924332003e-05,0.0,0.0
310,0.035854967975098115,9.593006074470888e-07,0.0,0.0
315,0.03804278476987793,2.4231401006713506e-06,0.0,0.0
320,0.03302033224020593,1.4435732830075932e-06,0.0,0.0
325,0.027734945985185173,1.919134300244485e-06,0.0,0.0
330,0.03488730727058566,8.387779485283797e-06,0.0,0.0
335,0.03560805473818843,4.1033091780495747e-07,0.0,0.0
340,0.033873857046203985,7.52533520609333e-09,0.0,0.0
345,0.03177652047355509,3.7747135610111117e-07,0.0,0.0
350,0.027418287945191362,1.8592216619595092e-07,0.0,0.0
355,0.030795189933009812,6.957630753534616e-08,0.0,0.0
360,0.02394114948184873,3.353666027994251e-08,0.0,0.0
365,0.03626122140121487,3.046025027986232e-08,0.0,0.0
370,0.026251065682634037,1.397600263965959e-06,0.0,0.0
375,0.033479438421411684,3.6216696229995905e-07,0.0,0.0
380,0.023876836521349896,5.903093607040333e-08,0.0,0.0
385,0.02183311362451063,1.0237751358888048e-07,0.0,0.0
390,0.025077453841472974,8.961665788675965e-08,0.0,0.0
395,0.02942584285974498,1.2918462856115199e-08,0.0,0.0
400,0.02410375659987947,1.7877189462112142e-09,0.0,0.0
405,0.014802509861969862,1.195343521676051e-07,0.0,0.0
410,0.014803251240719304,2.0213880000952144e-08,0.0,0.0
415,0.026949714591888774,2.895571556305043e-08,0.0,0.0
420,0.019912076559759087,2.2574175251866002e-07,0.0,0.0
425,0.015241999989662034,1.6720717088691829e-09,0.0,0.0
430,0.015773072693723574,3.931869096973628e-09,0.0,0.0
435,0.012109163544080362,5.0555007559127677e-08,0.0,0.0
440,0.020395030402688565,1.410711787719343e-08,0.0,0.0
445,0.01591225938757779,9.656616717368393e-10,0.0,0.0
450,0.025250445720535517,7.408782372042566e-09,0.0,0.0
455,0.015087914797530404,6.479051184449247e-10,0.0,0.0
460,0.023679328763774214,4.387916633263878e-08,0.0,0.0
465,0.015452212114156065,1.0568978912384175e-07,0.0,0.0
470,0.014506011900045555,6.480695388111357e-09,0.0,0.0
475,0.011655974404070658,1.1346795725231118e-08,0.0,0.0
480,0.019858458466098256,4.262696593482218e-09,0.0,0.0
485,0.008265574044813867,1.2773873170335292e-09,0.0,0.0
490,0.020170218280782016,3.7111235398068486e-08,0.0,0.0
495,0.008152810865268534,3.2441763686552604e-09,0.0,0.0
500,0.01496891214271484,7.661415923898574e-10,0.0,0.0
505,0.01577094410817359,6.189050494320724e-10,0.0,0.0
510,0.01341670194133906,7.658582417913174e-08,0.0,0.0
515,0.0073710839979086555,6.775226601973828e-11,0.0,0.0
520,0.011426116795109065,2.440363494615738e-09,0.0,0.0
525,0.006992341370510909,1.861694987059792e-10,0.0,0.0
530,0.008517558968598576,3.7969080102229214e-11,0.0,0.0
535,0.0091442518320673,3.747863730474421e-10,0.0,0.0
540,0.00752681415137717,2.352686001572124e-10,0.0,0.0
545,0.008317963891880768,1.975147601029903e-11,0.0,0.0
550,0.008607332495735621,2.2263768606478605e-12,0.0,0.0
555,0.008339273287541001,2.195357229339834e-12,0.0,0.0
560,0.011232741685978041,4.5873312037869597e-10,0.0,0.0
565,0.007570179495441147,5.71104514790477e-10,0.0,0.0
570,0.008422618193451692,4.841424927626292e-11,0.0,0.0
575,0.006694894789736093,4.240382489584249e-11,0.0,0.0
580,0.007853662759694685,1.3016744848659555e-09,0.0,0.0
585,0.007123531170258858,1.7801970486619466e-09,0.0,0.0
590,0.003306961245454717,9.637242115445588e-12,0.0,0.0
595,0.0063445477806858205,1.6999712748599904e-12,0.0,0.0
600,0.006153961992624701,1.3317391633904662e-11,0.0,0.0
605,0.008223081200862795,2.3067203702709093e-11,0.0,0.0
610,0.003126385152818695,5.319344964505035e-13,0.0,0.0
615,0.00800007959206123,1.1404199806719361e-12,0.0,0.0
620,0.005746467272577336,1.5392999985763822e-10,0.0,0.0
625,0.0053128244422717364,3.162248241039833e-14,0.0,0.0
630,0.006788643438290688,2.4356738848041458e-12,0.0,0.0
635,0.0011358863062378233,2.5265900482907e-13,0.0,0.0
640,0.005207879528134066,6.487144155187253e-13,0.0,0.0
645,0.002022223244131417,6.122646833972567e-13,0.0,0.0
650,0.003225278505482001,3.092306410934498e-12,0.0,0.0
655,0.004370749701404814,4.65754101952598e-13,0.0,0.0
660,0.002926250121114041,1.448851039143051e-12,0.0,0.0
665,0.004179400192819394,1.19464946601866e-09,0.0,0.0
670,0.007468972758835807,1.4237167000885619e-13,0.0,0.0
675,0.004178336330754552,1.2107692626273092e-12,0.0,0.0
680,0.003378730406536832,1.334043986389588e-14,0.0,0.0
685,0.00709757159055189,3.3763325468783024e-13,0.0,0.0
690,0.0040393664501459405,5.624833931960893e-14,0.0,0.0
695,0.0028185742267942994,1.2394418824612786e-13,0.0,0.0
700,0.0013047177503978313,1.7646994976416862e-14,0.0,0.0
705,0.0034009418341920594,1.0521583604372608e-14,0.0,0.0
710,0.0011750472608481578,2.4868918035991783e-12,0.0,0.0
715,0.003907785440920797,4.993783164763954e-15,0.0,0.0
720,0.00716673009366974,1.801891968966629e-15,0.0,0.0
725,0.0022295862298355195,7.498446308318308e-15,0.0,0.0
730,0.00435332989315188,6.1117777505614864e-15,0.0,0.0
735,0.005614679148886786,6.896705428971472e-15,0.0,0.0
740,0.009238423917492892,2.0560109170730813e-13,0.0,0.0
745,0.0019273155098210582,5.084821452783217e-15,0.0,0.0
750,0.004880377284893996,6.870948254800169e-14,0.0,0.0
755,0.0013134587235195294,1.1102230246251566e-17,0.0,0.0
760,0.002490101762417517,2.923217223838037e-15,0.0,0.0
765,0.0022766318333368317,9.525713551283843e-16,0.0,0.0
770,0.004104590749553426,1.1501910535116621e-15,0.0,0.0
775,0.0019140605973708546,1.1102230246251566e-18,0.0,0.0
780,0.003024492553111298,2.3647750424515833e-16,0.0,0.0
785,0.000750853853715009,1.6028289806513385e-14,0.0,0.0
790,0.0010161683695017354,2.5202062658991054e-16,0.0,0.0
795,0.0025658195792984373,1.2434497875801754e-16,0.0,0.0
800,0.002417244991982378,3.8746783559417966e-16,0.0,0.0
805,0.0008657240887141205,6.846745392863341e-14,0.0,0.0
810,0.007533312148685308,3.913869228711064e-14,0.0,0.0
815,0.004116735675633951,3.8857805861880476e-17,0.0,0.0
820,0.004116115783339961,9.909850717804148e-15,0.0,0.0
825,0.0014850359752766695,0.0,0.0,0.0
830,0.0038258424781705937,4.773959005888173e-17,0.0,0.0
835,0.001463310093334731,8.82960371484387e-15,0.0,0.0
840,0.0007843413326929405,4.1189274213593307e-16,0.0,0.0
845,0.0021781126463960663,3.1596947280831956e-15,0.0,0.0
850,0.0007726340503524931,8.881784197001253e-18,0.0,0.0
855,0.0012604253963549006,1.6209256159527285e-16,0.0,0.0
860,0.0013041052835515066,1.1990408665951691e-16,0.0,0.0
865,0.00035062819938165845,9.992007221626408e-18,0.0,0.0
870,0.000804740359098427,8.881784197001253e-18,0.0,0.0
875,0.0005413322456665715,3.663735981263017e-17,0.0,0.0
880,0.002017337131995719,2.220446049250313e-18,0.0,0.0
885,0.0019762024426010273,4.4408920985006264e-17,0.0,0.0
890,0.0057672114385801145,1.1102230246251566e-18,0.0,0.0
895,0.001126426320767331,1.4137579995576744e-14,0.0,0.0
900,0.0005920293481860206,2.4424906541753444e-17,0.0,0.0
905,0.00041328179514257157,8.881784197001253e-18,0.0,0.0
910,0.000732956806567877,0.0,0.0,0.0
915,0.0007493879878993681,1.6653345369377347e-17,0.0,0.0
920,0.0021831633764190983,1.2212453270876722e-17,0.0,0.0
925,0.0010204694323240992,0.0,0.0,0.0
930,0.0019424021521662804,1.1102230246251566e-18,0.0,0.0
935,0.0005576988769757507,1.1102230246251566e-18,0.0,0.0
940,0.0016056799525001964,0.0,0.0,0.0
945,0.0006719117261664831,1.3988810110276973e-16,0.0,0.0
950,0.001635718049488687,2.220446049250313e-18,0.0,0.0
955,0.0015036249464629291,0.0,0.0,0.0
960,0.0007660420455463369,0.0,0.0,0.0
965,0.0013056162358442646,2.6734170432973768e-15,0.0,0.0
970,0.0008013615020614562,0.0,0.0,0.0
975,0.00018307227352560852,0.0,0.0,0.0
980,0.00016878189491429052,0.0,0.0,0.0
985,0.0006946962270007029,1.2212453270876722e-17,0.0,0.0
990,0.00022591907155369628,0.0,0.0,0.0
995,0.0009005502757406902,0.0,0.0,0.0
1000,0.0004702009309248101,0.0,0.0,0.0
1005,0.0015358230968496966,0.0,0.0,0.0
1010,0.000336166884093565,0.0,0.0,0.0
1015,0.000795818300886999,2.220446049250313e-18,0.0,0.0
1020,0.0011925211774605603,0.0,0.0,0.0
1025,0.0005555462965356017,9.992007221626408e-18,0.0,0.0
1030,0.0006374109267678707,1.1102230246251566e-18,0.0,0.0
1035,0.00037064003421723,0.0,0.0,0.0
1040,0.0002562870134239181,0.0,0.0,0.0
1045,0.00022431385956774185,0.0,0.0,0.0
1050,0.0003080771386695702,0.0,0.0,0.0
1055,0.00028040070476708647,1.8873791418627663e-17,0.0,0.0
1060,0.0004883633446104207,0.0,0.0,0.0
1065,0.0002663337108125452,0.0,0.0,0.0
1070,0.000407845356306199,0.0,0.0,0.0
1075,0.00020737823767564835,0.0,0.0,0.0
1080,0.00019171366123517662,0.0,0.0,0.0
1085,0.00032960569748468504,0.0,0.0,0.0
1090,0.00016003895134032885,0.0,0.0,0.0
1095,0.001402873019363341,0.0,0.0,0.0
1100,0.0002584309345163838,0.0,0.0,0.0
1105,0.0007343127077191591,0.0,0.0,0.0
1110,0.0005415066820007686,0.0,0.0,0.0
1115,0.00014462498057022155,0.0,0.0,0.0
1120,0.0005562575196941488,0.0,0.0,0.0
1125,0.00013124765176328212,0.0,0.0,0.0
1130,0.0013830803787306901,0.0,0.0,0.0
1135,0.0006368297686137125,0.0,0.0,0.0
1140,0.0005762851994216944,0.0,0.0,0.0
1145,0.00021766506437973955,0.0,0.0,0.0
1150,0.00023698046067467394,0.0,0.0,0.0
1155,0.0003210606176267017,0.0,0.0,0.0
1160,0.00037269832341500385,0.0,0.0,0.0
1165,0.00011039785086341736,0.0,0.0,0.0
1170,0.000832366936933211,0.0,0.0,0.0
1175,0.00016039869012715924,0.0,0.0,0.0
1180,0.0001448501311449102,0.0,0.0,0.0
1185,0.0001204989337538842,0.0,0.0,0.0
1190,7.558748658314185e-05,0.0,0.0,0.0
1195,4.687867671890667e-05,0.0,0.0,0.0
1200,0.00021500283140809206,0.0,0.0,0.0
1205,0.000155751098393081,0.0,0.0,0.0
1210,9.005715776725597e-05,0.0,0.0,0.0
1215,0.00040148951602570816,0.0,0.0,0.0
1220,9.52687932931795e-05,0.0,0.0,0.0
1225,0.00020421251407764629,0.0,0.0,0.0
1230,8.867036145456587e-05,0.0,0.0,0.0
1235,0.00020351167520865298,0.0,0.0,0.0
1240,7.419910382696182e-05,0.0,0.0,0.0
1245,0.00012478243012966516,0.0,0.0,0.0
1250,5.220029465769493e-05,0.0,0.0,0.0
1255,0.0002831106261041916,0.0,0.0,0.0
1260,0.00042276114179893074,0.0,0.0,0.0
1265,8.064758646227909e-05,0.0,0.0,0.0
1270,0.00010283409064734683,0.0,0.0,0.0
1275,4.639911356843829e-05,0.0,0.0,0.0
1280,0.00016067776883310514,0.0,0.0,0.0
1285,7.93729783346686e-05,0.0,0.0,0.0
1290,0.00010127357906084211,0.0,0.0,0.0
1295,2.581991228317371e-05,0.0,0.0,0.0
1300,7.441774705999049e-05,0.0,0.0,0.0
1305,1.1104097184099216e-05,0.0,0.0,0.0
1310,0.00014801112363942547,0.0,0.0,0.0
1315,5.2467186503638573e-05,0.0,0.0,0.0
1320,0.0001435621196308412,0.0,0.0,0.0
1325,0.00031619547203295517,0.0,0.0,0.0
1330,0.000370316497462283,0.0,0.0,0.0
1335,4.850491633814236e-05,0.0,0.0,0.0
1340,1.9648476673321812e-05,0.0,0.0,0.0
1345,2.346367131660032e-05,0.0,0.0,0.0
1350,1.869928376456942e-05,0.0,0.0,0.0
1355,0.0003482925691664762,0.0,0.0,0.0
1360,7.793445681482325e-05,0.0,0.0,0.0
1365,2.3224968665777056e-05,0.0,0.0,0.0
1370,3.075137297365527e-05,0.0,0.0,0.0
1375,2.6288124835721628e-05,0.0,0.0,0.0
1380,0.00037095213493048564,0.0,0.0,0.0
1385,8.292557023908963e-06,0.0,0.0,0.0
1390,3.599435287243491e-05,0.0,0.0,0.0
1395,9.196822856720743e-06,0.0,0.0,0.0
1400,2.520565409918074e-05,0.0,0.0,0.0
1405,4.034511592957202e-05,0.0,0.0,0.0
1410,0.00019553834806354642,0.0,0.0,0.0
1415,2.9061918897188566e-05,0.0,0.0,0.0
1420,0.00013962107922563916,0.0,0.0,0.0
1425,3.743750405586388e-05,0.0,0.0,0.0
1430,2.2006457406701375e-05,0.0,0.0,0.0
1435,6.299954322527501e-05,0.0,0.0,0.0
1440,0.0001613378098124274,0.0,0.0,0.0
1445,4.062331497436289e-05,0.0,0.0,0.0
1450,1.7002026385687374e-05,0.0,0.0,0.0
1455,5.4160642900979994e-05,0.0,0.0,0.0
1460,0.00018264708063307712,0.0,0.0,0.0
1465,8.397827052926577e-05,0.0,0.0,0.0
1470,2.4859044216172245e-05,0.0,0.0,0.0
1475,3.143643205797742e-05,0.0,0.0,0.0
1480,1.822743937572535e-05,0.0,0.0,0.0
1485,9.548692074294762e-05,0.0,0.0,0.0
1490,0.00010087967068583947,0.0,0.0,0.0
1495,5.204413899924099e-06,0.0,0.0,0.0
1500,1.6540881006202877e-05,0.0,0.0,0.0
1505,3.689516462743736e-05,0.0,0.0,0.0
1510,1.587518275458444e-05,0.0,0.0,0.0
1515,0.0001226420973604858,0.0,0.0,0.0
1520,2.8889833051415346e-06,0.0,0.0,0.0
1525,3.2789411383371547e-06,0.0,0.0,0.0
1530,7.08947921451486e-06,0.0,0.0,0.0
1535,0.00012582685541744797,0.0,0.0,0.0
1540,9.677539629103226e-05,0.0,0.0,0.0
1545,1.3189067637282558e-05,0.0,0.0,0.0
1550,5.153579848273804e-06,0.0,0.0,0.0
1555,1.9931994917754546e-06,0.0,0.0,0.0
1560,8.917269900055924e-05,0.0,0.0,0.0
1565,2.3023766368697184e-05,0.0,0.0,0.0
1570,5.4455877651216066e-05,0.0,0.0,0.0
1575,1.4975985253851132e-06,0.0,0.0,0.0
1580,4.154049582853925e-05,0.0,0.0,0.0
1585,6.828234236263775e-05,0.0,0.0,0.0
1590,9.088287429332986e-06,0.0,0.0,0.0
1595,2.1995008738529e-05,0.0,0.0,0.0
1600,2.3225793311176802e-05,0.0,0.0,0.0
1605,6.53347553647654e-06,0.0,0.0,0.0
1610,2.7117213769056737e-06,0.0,0.0,0.0
1615,4.6545598581171355e-06,0.0,0.0,0.0
1620,6.916001160101049e-06,0.0,0.0,0.0
1625,9.1118400332868e-06,0.0,0.0,0.0
1630,5.005680728671358e-06,0.0,0.0,0.0
1635,1.4878974992632576e-05,0.0,0.0,0.0
1640,8.726408573936916e-06,0.0,0.0,0.0
1645,7.20104301154878e-06,0.0,0.0,0.0
1650,2.0075170211644177e-05,0.0,0.0,0.0
1655,5.652112964869116e-05,0.0,0.0,0.0
1660,4.8800179125874085e-06,0.0,0.0,0.0
1665,5.756725343384339e-06,0.0,0.0,0.0
1670,1.074396987251758e-06,0.0,0.0,0.0
1675,1.3395938070659419e-06,0.0,0.0,0.0
1680,4.3624609659287385e-06,0.0,0.0,0.0
1685,2.784069930246158e-05,0.0,0.0,0.0
1690,4.413365366713329e-06,0.0,0.0,0.0
1695,1.050767686164411e-05,0.0,0.0,0.0
1700,1.3557567552388017e-05,0.0,0.0,0.0
1705,6.131190875806158e-05,0.0,0.0,0.0
1710,1.0487556624220184e-05,0.0,0.0,0.0
1715,1.1420167239395429e-05,0.0,0.0,0.0
1720,5.746704210294329e-06,0.0,0.0,0.0
1725,7.322731514453174e-05,0.0,0.0,0.0
1730,1.1017261489686403e-05,0.0,0.0,0.0
1735,2.9127506675301617e-05,0.0,0.0,0.0
1740,6.054437276225011e-06,0.0,0.0,0.0
1745,2.7222639777291224e-06,0.0,0.0,0.0
1750,3.6848806197246064e-05,0.0,0.0,0.0
1755,1.2730082355167926e-05,0.0,0.0,0.0
1760,3.486418119692303e-05,0.0,0.0,0.0
1765,2.7469115828283597e-05,0.0,0.0,0.0
1770,1.3215560900448065e-05,0.0,0.0,0.0
1775,2.6414576287814295e-06,0.0,0.0,0.0
1780,9.389376622576107e-06,0.0,0.0,0.0
1785,9.26584302006761e-06,0.0,0.0,0.0
1790,1.7338111576603587e-05,0.0,0.0,0.0
1795,6.137184341259761e-05,0.0,0.0,0.0
1800,7.296884969005824e-06,0.0,0.0,0.0
1805,1.5585245704852202e-06,0.0,0.0,0.0
1810,9.294034253718442e-06,0.0,0.0,0.0
1815,1.1732088356275483e-06,0.0,0.0,0.0
1820,9.889614351998866e-07,0.0,0.0,0.0
1825,1.2404979751271527e-05,0.0,0.0,0.0
1830,1.5839261942374171e-06,0.0,0.0,0.0
1835,2.910731599493621e-06,0.0,0.0,0.0
1840,9.446452408257144e-07,0.0,0.0,0.0
1845,3.2210658082121314e-06,0.0,0.0,0.0
1850,1.5932312149846694e-06,0.0,0.0,0.0
1855,4.167188081009132e-05,0.0,0.0,0.0
1860,2.413655156721095e-06,0.0,0.0,0.0
1865,4.47266069225738e-06,0.0,0.0,0.0
1870,9.504109089786272e-06,0.0,0.0,0.0
1875,3.9691927349538855e-06,0.0,0.0,0.0
1880,3.78009792487477e-06,0.0,0.0,0.0
1885,4.0115008872732e-06,0.0,0.0,0.0
1890,1.3493351260518427e-06,0.0,0.0,0.0
1895,1.5017124610148259e-05,0.0,0.0,0.0
1900,2.492116972377945e-06,0.0,0.0,0.0
1905,3.2273404521276916e-07,0.0,0.0,0.0
1910,2.048206786136042e-06,0.0,0.0,0.0
1915,6.212132958177685e-06,0.0,0.0,0.0
1920,3.904607525434534e-06,0.0,0.0,0.0
1925,7.925293595278937e-08,0.0,0.0,0.0
1930,9.298308175015314e-06,0.0,0.0,0.0
1935,6.926084931757615e-07,0.0,0.0,0.0
1940,2.9046406075383667e-06,0.0,0.0,0.0
1945,8.571338120944017e-07,0.0,0.0,0.0
1950,1.2731963617507169e-07,0.0,0.0,0.0
1955,8.56289717253711e-07,0.0,0.0,0.0
1960,5.945437959276046e-07,0.0,0.0,0.0
1965,7.77099936600134e-06,0.0,0.0,0.0
1970,9.837122818778797e-07,0.0,0.0,0.0
1975,2.381526937007994e-05,0.0,0.0,0.0
1980,5.299020668703136e-07,0.0,0.0,0.0
1985,4.6603262979116875e-07,0.0,0.0,0.0
1990,2.642687986376124e-07,0.0,0.0,0.0
1995,1.458053384275626e-06,0.0,0.0,0.0
2000,1.1659176261524796e-06,0.0,0.0,0.0
2005,2.250627686106732e-07,0.0,0.0,0.0
2010,3.365517637632376e-07,0.0,0.0,0.0
2015,3.5416392088249983e-06,0.0,0.0,0.0
2020,3.946765620965742e-07,0.0,0.0,0.0
2025,7.163281040223346e-08,0.0,0.0,0.0
2030,2.032495919660482e-06,0.0,0.0,0.0
2035,1.0315032054064587e-07,0.0,0.0,0.0
2040,1.158654288394123e-05,0.0,0.0,0.0
2045,3.967439457497335e-07,0.0,0.0,0.0
2050,1.0837607382541137e-06,0.0,0.0,0.0
2055,1.1286424492924496e-05,0.0,0.0,0.0
2060,1.93272086375873e-06,0.0,0.0,0.0
2065,4.943122674853084e-06,0.0,0.0,0.0
2070,8.868754063462436e-07,0.0,0.0,0.0
2075,1.4003582805777182e-06,0.0,0.0,0.0
2080,2.2363927436153118e-07,0.0,0.0,0.0
2085,5.614560208511143e-07,0.0,0.0,0.0
2090,7.793979231773829e-07,0.0,0.0,0.0
2095,9.912320038552025e-08,0.0,0.0,0.0
2100,2.1559115248148686e-07,0.0,0.0,0.0
2105,5.513056577033382e-08,0.0,0.0,0.0
2110,8.476484981734256e-07,0.0,0.0,0.0
2115,8.519365345083241e-07,0.0,0.0,0.0
2120,1.0310217975040281e-07,0.0,0.0,0.0
2125,9.890313729377098e-07,0.0,0.0,0.0
2130,6.8958875230551445e-06,0.0,0.0,0.0
2135,1.3874274288339095e-06,0.0,0.0,0.0
2140,2.625350644724911e-07,0.0,0.0,0.0
2145,8.289597543176264e-08,0.0,0.0,0.0
2150,4.5341418508870745e-07,0.0,0.0,0.0
2155,1.6474837680857667e-07,0.0,0.0,0.0
2160,4.082003528071976e-07,0.0,0.0,0.0
2165,2.7485443995223233e-07,0.0,0.0,0.0
2170,8.437279533790587e-07,0.0,0.0,0.0
2175,3.234850048161597e-08,0.0,0.0,0.0
2180,2.3406383203417036e-07,0.0,0.0,0.0
2185,8.556540185833406e-08,0.0,0.0,0.0
2190,8.078823575219385e-07,0.0,0.0,0.0
2195,7.620659964957533e-08,0.0,0.0,0.0
2200,1.6833576729446963e-06,0.0,0.0,0.0
2205,2.774024096297012e-07,0.0,0.0,0.0
2210,1.3569054159168204e-08,0.0,0.0,0.0
2215,3.4631303975518614e-07,0.0,0.0,0.0
2220,5.979849562631756e-08,0.0,0.0,0.0
2225,4.230253850512344e-07,0.0,0.0,0.0
2230,3.09867510281947e-07,0.0,0.0,0.0
2235,2.024573965864196e-07,0.0,0.0,0.0
2240,4.3574217438613337e-07,0.0,0.0,0.0
2245,2.187303110068317e-07,0.0,0.0,0.0
2250,7.135697284166298e-08,0.0,0.0,0.0
2255,4.486943168457991e-08,0.0,0.0,0.0
2260,2.0407636121988482e-07,0.0,0.0,0.0
2265,9.016922676075013e-08,0.0,0.0,0.0
2270,1.8251915791156481e-06,0.0,0.0,0.0
2275,4.382334442347702e-06,0.0,0.0,0.0
2280,1.0472210971612661e-07,0.0,0.0,0.0
2285,3.923677190709185e-08,0.0,0.0,0.0
2290,3.138816745718032e-07,0.0,0.0,0.0
2295,9.829358779134267e-09,0.0,0.0,0.0
2300,4.3420829395346414e-07,0.0,0.0,0.0
2305,8.048811708527559e-07,0.0,0.0,0.0
2310,7.566488587018583e-08,0.0,0.0,0.0
2315,3.775609091483112e-08,0.0,0.0,0.0
2320,1.2988942102110102e-07,0.0,0.0,0.0
2325,4.5660540176184484e-07,0.0,0.0,0.0
2330,8.73872828888178e-08,0.0,0.0,0.0
2335,3.275909192013149e-07,0.0,0.0,0.0
2340,5.433939604393423e-08,0.0,0.0,0.0
2345,1.3824946112794834e-07,0.0,0.0,0.0
2350,4.087650088413497e-09,0.0,0.0,0.0
2355,1.0587234971715099e-07,0.0,0.0,0.0
2360,4.156140087352433e-07,0.0,0.0,0.0
2365,6.341864303038847e-08,0.0,0.0,0.0
2370,1.0460929100641891e-06,0.0,0.0,0.0
2375,7.991897959691574e-07,0.0,0.0,0.0
2380,9.005308533294176e-07,0.0,0.0,0.0
2385,2.5580977536243667e-08,0.0,0.0,0.0
2390,2.4914928746788688e-08,0.0,0.0,0.0
2395,2.009369468369826e-08,0.0,0.0,0.0
2400,2.9490822350819456e-08,0.0,0.0,0.0
2405,2.6992506961809326e-08,0.0,0.0,0.0
2410,2.1387315855214694e-07,0.0,0.0,0.0
2415,4.791994248520837e-08,0.0,0.0,0.0
2420,1.8320896855161806e-08,0.0,0.0,0.0
2425,1.3045192999716627e-07,0.0,0.0,0.0
2430,5.4505065127941066e-08,0.0,0.0,0.0
2435,3.3845727653858403e-09,0.0,0.0,0.0
2440,2.8090735688657275e-07,0.0,0.0,0.0
2445,2.3937979598542825e-08,0.0,0.0,0.0
2450,1.5262293809770177e-07,0.0,0.0,0.0
2455,2.9841180420819844e-07,0.0,0.0,0.0
2460,1.2995102945945191e-08,0.0,0.0,0.0
2465,5.309280026621899e-08,0.0,0.0,0.0
2470,4.353695301717586e-07,0.0,0.0,0.0
2475,2.866963213610241e-08,0.0,0.0,0.0
2480,8.622702419636142e-08,0.0,0.0,0.0
2485,1.4199454236862863e-08,0.0,0.0,0.0
2490,4.159968400085923e-08,0.0,0.0,0.0
2495,9.785687341667958e-08,0.0,0.0,0.0
2500,4.492733966632301e-08,0.0,0.0,0.0
2505,7.445568969699501e-08,0.0,0.0,0.0
2510,6.337479184326256e-08,0.0,0.0,0.0
2515,2.075668317669255e-08,0.0,0.0,0.0
2520,3.6950361770315966e-09,0.0,0.0,0.0
2525,6.482957513043175e-09,0.0,0.0,0.0
2530,7.955181248076038e-08,0.0,0.0,0.0
2535,3.644345346831557e-08,0.0,0.0,0.0
2540,4.154803391887007e-08,0.0,0.0,0.0
2545,6.717990866933476e-09,0.0,0.0,0.0
2550,5.14951764452043e-09,0.0,0.0,0.0
2555,2.095059624229734e-08,0.0,0.0,0.0
2560,4.309236710797748e-09,0.0,0.0,0.0
2565,1.1854750592288355e-09,0.0,0.0,0.0
2570,1.0281262805111879e-07,0.0,0.0,0.0
2575,1.667104934099939e-09,0.0,0.0,0.0
2580,9.01452263946112e-09,0.0,0.0,0.0
2585,3.617780278686311e-09,0.0,0.0,0.0
2590,2.4314487033771926e-08,0.0,0.0,0.0
2595,2.8002459666609525e-08,0.0,0.0,0.0
2600,9.815353564368579e-09,0.0,0.0,0.0
2605,1.1129936965392772e-08,0.0,0.0,0.0
2610,3.256789220607015e-07,0.0,0.0,0.0
2615,3.3992814287842064e-08,0.0,0.0,0.0
2620,6.105013041546314e-08,0.0,0.0,0.0
2625,4.538185497393599e-08,0.0,0.0,0.0
2630,2.2747465189265624e-09,0.0,0.0,0.0
2635,2.530509599640851e-09,0.0,0.0,0.0
2640,4.8140589109513246e-08,0.0,0.0,0.0
2645,2.7439305516629985e-09,0.0,0.0,0.0
2650,2.946141012261094e-09,0.0,0.0,0.0
2655,1.0565804675621848e-10,0.0,0.0,0.0
2660,2.3130975557172915e-09,0.0,0.0,0.0
2665,2.194120628296048e-08,0.0,0.0,0.0
2670,1.1427711996692125e-08,0.0,0.0,0.0
2675,1.6722876856056778e-07,0.0,0.0,0.0
2680,3.202271818825153e-09,0.0,0.0,0.0
2685,4.159252803281888e-09,0.0,0.0,0.0
2690,4.603588231733014e-09,0.0,0.0,0.0
2695,2.779929519913793e-09,0.0,0.0,0.0
2700,1.202864973226525e-07,0.0,0.0,0.0
2705,3.6963376937038107e-09,0.0,0.0,0.0
2710,6.167572534909738e-09,0.0,0.0,0.0
2715,3.071773152951707e-08,0.0,0.0,0.0
2720,8.382131284845329e-08,0.0,0.0,0.0
2725,1.7506916000220585e-08,0.0,0.0,0.0
2730,4.176423454849143e-09,0.0,0.0,0.0
2735,1.5945101938807937e-09,0.0,0.0,0.0
2740,2.4374684093331212e-09,0.0,0.0,0.0
2745,5.650106094101659e-10,0.0,0.0,0.0
2750,7.725996342689001e-10,0.0,0.0,0.0
2755,2.3384214675736816e-09,0.0,0.0,0.0
2760,9.00793256652932e-09,0.0,0.0,0.0
2765,8.570150689113376e-10,0.0,0.0,0.0
2770,5.788261958628027e-10,0.0,0.0,0.0
2775,2.2549194755860924e-09,0.0,0.0,0.0
2780,5.433370486862543e-10,0.0,0.0,0.0
2785,1.9614695800918014e-09,0.0,0.0,0.0
2790,1.473355455416936e-09,0.0,0.0,0.0
2795,6.250444450905946e-10,0.0,0.0,0.0
2800,1.9156032736722394e-08,0.0,0.0,0.0
2805,1.432071746743091e-09,0.0,0.0,0.0
2810,7.836447790676715e-10,0.0,0.0,0.0
2815,1.3375681051641663e-09,0.0,0.0,0.0
2820,1.2989903375171252e-10,0.0,0.0,0.0
2825,2.7279151360026787e-09,0.0,0.0,0.0
2830,2.5107004453239767e-09,0.0,0.0,0.0
2835,3.2861469101419516e-10,0.0,0.0,0.0
2840,1.4898202874480404e-07,0.0,0.0,0.0
2845,3.0931955696811284e-09,0.0,0.0,0.0
2850,1.661064243929644e-09,0.0,0.0,0.0
2855,4.4274443307790177e-07,0.0,0.0,0.0
2860,5.2953268572242255e-08,0.0,0.0,0.0
2865,9.46596806605804e-09,0.0,0.0,0.0
2870,1.4008072368731916e-10,0.0,0.0,0.0
2875,7.333398296394123e-09,0.0,0.0,0.0
2880,1.170412866069448e-08,0.0,0.0,0.0
2885,1.37811296363477e-08,0.0,0.0,0.0
2890,8.600607218633983e-09,0.0,0.0,0.0
2895,1.2223540257760845e-09,0.0,0.0,0.0
2900,5.62636934819949e-10,0.0,0.0,0.0
2905,2.5506016498866303e-09,0.0,0.0,0.0
2910,6.1032318621201394e-09,0.0,0.0,0.0
2915,3.399842229967476e-10,0.0,0.0,0.0
2920,3.8407286573338696e-10,0.0,0.0,0.0
2925,2.2757040796239636e-09,0.0,0.0,0.0
2930,1.8177431626575923e-09,0.0,0.0,0.0
2935,1.014160628809435e-09,0.0,0.0,0.0
2940,1.4217572730235163e-09,0.0,0.0,0.0
2945,5.644439531593548e-07,0.0,0.0,0.0
2950,5.742036663924921e-09,0.0,0.0,0.0
2955,1.5397489453228274e-07,0.0,0.0,0.0
2960,2.7149587211727776e-08,0.0,0.0,0.0
2965,1.1322939763580565e-09,0.0,0.0,0.0
2970,6.01875149719433e-11,0.0,0.0,0.0
2975,2.69846013978281e-09,0.0,0.0,0.0
2980,3.739879169684101e-09,0.0,0.0,0.0
2985,4.774340012225764e-10,0.0,0.0,0.0
2990,2.840128424663746e-09,0.0,0.0,0.0
2995,5.511477563224787e-10,0.0,0.0,0.0
3000,1.0381532666858817e-09,0.0,0.0,0.0
3005,4.990357682643776e-11,0.0,0.0,0.0
3010,1.2621780365318358e-09,0.0,0.0,0.0
3015,4.666605912806432e-10,0.0,0.0,0.0
3020,7.81812279360139e-10,0.0,0.0,0.0
3025,8.957776853613098e-11,0.0,0.0,0.0
3030,1.7987431544241872e-11,0.0,0.0,0.0
3035,6.775083927212932e-10,0.0,0.0,0.0
3040,4.043918355733922e-10,0.0,0.0,0.0
3045,1.971631272468244e-08,0.0,0.0,0.0
3050,3.179472058967292e-09,0.0,0.0,0.0
3055,3.214789426442266e-07,0.0,0.0,0.0
3060,2.5851586649139335e-10,0.0,0.0,0.0
3065,5.946292569447565e-11,0.0,0.0,0.0
3070,1.1262232312292397e-08,0.0,0.0,0.0
3075,5.874111373982416e-09,0.0,0.0,0.0
3080,1.1366543517521422e-09,0.0,0.0,0.0
3085,1.1837889779542366e-10,0.0,0.0,0.0
3090,3.61793933700838e-10,0.0,0.0,0.0
3095,3.8798098400683043e-10,0.0,0.0,0.0
3100,2.377593510960452e-10,0.0,0.0,0.0
3105,1.7031230870045988e-11,0.0,0.0,0.0
3110,5.687944004684198e-11,0.0,0.0,0.0
3115,1.0484909618302396e-09,0.0,0.0,0.0
3120,4.503935391309e-10,0.0,0.0,0.0
3125,7.3654993459904004e-09,0.0,0.0,0.0
3130,1.6711218520093496e-10,0.0,0.0,0.0
3135,2.0112629339763543e-11,0.0,0.0,0.0
3140,2.7677293790162596e-12,0.0,0.0,0.0
3145,1.916522975875523e-09,0.0,0.0,0.0
3150,4.975418488317729e-09,0.0,0.0,0.0
3155,8.186457733927455e-11,0.0,0.0,0.0
3160,9.798074504518972e-08,0.0,0.0,0.0
3165,5.885784681858297e-10,0.0,0.0,0.0
3170,1.4073529330804745e-09,0.0,0.0,0.0
3175,1.779935077106387e-10,0.0,0.0,0.0
3180,1.0651612591949799e-10,0.0,0.0,0.0
3185,2.657829889507468e-10,0.0,0.0,0.0
3190,3.303451678871028e-10,0.0,0.0,0.0
3195,4.4142694721749367e-10,0.0,0.0,0.0
3200,5.82746029209602e-11,0.0,0.0,0.0
3205,1.1559628698698532e-10,0.0,0.0,0.0
3210,7.198650120443517e-11,0.0,0.0,0.0
3215,4.080520410454369e-10,0.0,0.0,0.0
3220,6.156609000385061e-11,0.0,0.0,0.0
3225,1.4500634903935604e-09,0.0,0.0,0.0
3230,1.682436293615197e-09,0.0,0.0,0.0
3235,1.8079603369969276e-10,0.0,0.0,0.0
3240,2.5668275649426418e-09,0.0,0.0,0.0
3245,3.6991587570867066e-12,0.0,0.0,0.0
3250,1.2424719142423157e-10,0.0,0.0,0.0
3255,3.709860973977186e-11,0.0,0.0,0.0
3260,2.169452395506255e-12,0.0,0.0,0.0
3265,1.186745257619748e-10,0.0,0.0,0.0
3270,1.2106933233724248e-11,0.0,0.0,0.0
3275,2.6087638715921457e-11,0.0,0.0,0.0
3280,2.284180962117688e-06,0.0,0.0,0.0
3285,8.455001476725954e-11,0.0,0.0,0.0
3290,4.751106175149289e-12,0.0,0.0,0.0
3295,4.057361446818675e-11,0.0,0.0,0.0
3300,5.113923728927716e-11,0.0,0.0,0.0
3305,1.4125696121691788e-08,0.0,0.0,0.0
3310,1.097472535072086e-10,0.0,0.0,0.0
3315,6.551232889506764e-11,0.0,0.0,0.0
3320,2.92868163054294e-11,0.0,0.0,0.0
3325,8.751683377994369e-11,0.0,0.0,0.0
3330,8.471036061497017e-10,0.0,0.0,0.0
3335,7.805476598399252e-11,0.0,0.0,0.0
3340,4.217868165845573e-11,0.0,0.0,0.0
3345,4.124880437217371e-12,0.0,0.0,0.0
3350,1.4917893587096387e-11,0.0,0.0,0.0
3355,4.163409617063963e-12,0.0,0.0,0.0
3360,9.714951065831202e-13,0.0,0.0,0.0
3365,1.161685403427981e-10,0.0,0.0,0.0
3370,2.0826548263741528e-11,0.0,0.0,0.0
3375,5.223346644100957e-11,0.0,0.0,0.0
3380,3.5437842660357435e-11,0.0,0.0,0.0
3385,2.5379747192744162e-11,0.0,0.0,0.0
3390,1.3894011607895607e-10,0.0,0.0,0.0
3395,1.9475241419542045e-11,0.0,0.0,0.0
3400,6.945895494103737e-08,0.0,0.0,0.0
3405,5.226342494335512e-09,0.0,0.0,0.0
3410,2.6738699032691216e-11,0.0,0.0,0.0
3415,1.747679706509686e-09,0.0,0.0,0.0
3420,4.857930724355697e-12,0.0,0.0,0.0
3425,4.716431689644196e-12,0.0,0.0,0.0
3430,2.2762455476055265e-10,0.0,0.0,0.0
3435,9.090953755341857e-08,0.0,0.0,0.0
3440,5.959116433640333e-10,0.0,0.0,0.0
3445,1.82385873070956e-11,0.0,0.0,0.0
3450,2.7881613240410274e-10,0.0,0.0,0.0
3455,5.0983295363238314e-11,0.0,0.0,0.0
3460,3.075992793810656e-12,0.0,0.0,0.0
3465,3.200982479079073e-11,0.0,0.0,0.0
3470,3.4291913753037306e-12,0.0,0.0,0.0
3475,2.986707547947276e-12,0.0,0.0,0.0
3480,2.2006805266983064e-11,0.0,0.0,0.0
3485,4.344164770131442e-09,0.0,0.0,0.0
3490,9.2654228733835e-12,0.0,0.0,0.0
3495,2.0919097565297307e-10,0.0,0.0,0.0
3500,1.152747897137374e-12,0.0,0.0,0.0
3505,3.753555244401241e-12,0.0,0.0,0.0
3510,2.6202384706408564e-12,0.0,0.0,0.0
3515,1.1727032678265914e-11,0.0,0.0,0.0
3520,1.275127281541444e-10,0.0,0.0,0.0
3525,2.949317567946252e-11,0.0,0.0,0.0
3530,6.916237582643703e-12,0.0,0.0,0.0
3535,2.3425290596179594e-11,0.0,0.0,0.0
3540,5.234433123613158e-09,0.0,0.0,0.0
3545,2.6847857270695383e-13,0.0,0.0,0.0
3550,4.055245028666832e-12,0.0,0.0,0.0
3555,1.2496983559096008e-10,0.0,0.0,0.0
3560,2.525681408460656e-10,0.0,0.0,0.0
3565,4.4649441033328686e-10,0.0,0.0,0.0
3570,4.578211476591321e-11,0.0,0.0,0.0
3575,3.1166724756559463e-12,0.0,0.0,0.0
3580,2.1926327420374036e-12,0.0,0.0,0.0
3585,8.913011440014885e-12,0.0,0.0,0.0
3590,2.6241760875400643e-10,0.0,0.0,0.0
3595,5.1348862939448736e-11,0.0,0.0,0.0
3600,3.652799174247434e-12,0.0,0.0,0.0
3605,4.837665578127925e-09,0.0,0.0,0.0
3610,5.576179218369504e-10,0.0,0.0,0.0
3615,5.114640821979322e-11,0.0,0.0,0.0
3620,2.9072277918373856e-12,0.0,0.0,0.0
3625,7.699598736365943e-12,0.0,0.0,0.0
3630,9.18674025740529e-13,0.0,0.0,0.0
3635,5.984588269392078e-11,0.0,0.0,0.0
3640,1.4727330466257626e-13,0.0,0.0,0.0
3645,3.126210401660501e-13,0.0,0.0,0.0
3650,2.3695123640976588e-12,0.0,0.0,0.0
3655,2.5768142064563905e-11,0.0,0.0,0.0
3660,9.781453425006248e-13,0.0,0.0,0.0
3665,1.0833076657945639e-11,0.0,0.0,0.0
3670,3.1353397655919936e-12,0.0,0.0,0.0
3675,5.8293192495284525e-12,0.0,0.0,0.0
3680,3.3185132419788486e-12,0.0,0.0,0.0
3685,7.135303459193665e-13,0.0,0.0,0.0
3690,6.091133153418582e-12,0.0,0.0,0.0
3695,1.9879989388016382e-09,0.0,0.0,0.0
3700,7.998981477186362e-12,0.0,0.0,0.0
3705,7.693556902665932e-13,0.0,0.0,0.0
3710,2.6167690236889028e-12,0.0,0.0,0.0
3715,3.826858542277378e-09,0.0,0.0,0.0
3720,3.825615380037562e-12,0.0,0.0,0.0
3725,6.337581570647899e-12,0.0,0.0,0.0
3730,8.239420257183383e-13,0.0,0.0,0.0
3735,4.721767421500544e-13,0.0,0.0,0.0
3740,2.0327806105058244e-12,0.0,0.0,0.0
3745,4.1941339290474386e-13,0.0,0.0,0.0
3750,2.719191538602672e-13,0.0,0.0,0.0
3755,6.422846032805297e-11,0.0,0.0,0.0
3760,3.150952720964995e-11,0.0,0.0,0.0
3765,1.427543638854445e-12,0.0,0.0,0.0
3770,1.6949519565656602e-12,0.0,0.0,0.0
3775,8.824241337634931e-13,0.0,0.0,0.0
3780,1.131916782526332e-13,0.0,0.0,0.0
3785,4.15790735175392e-13,0.0,0.0,0.0
3790,1.900948287669735e-12,0.0,0.0,0.0
3795,7.049960615290729e-13,0.0,0.0,0.0
3800,1.0127176874874522e-12,0.0,0.0,0.0
3805,4.474909331975141e-13,0.0,0.0,0.0
3810,1.0597808186574299e-11,0.0,0.0,0.0
3815,7.7927242436715e-11,0.0,0.0,0.0
3820,7.106442101445509e-12,0.0,0.0,0.0
3825,6.040975497612066e-12,0.0,0.0,0.0
3830,4.525435581825832e-13,0.0,0.0,0.0
3835,2.0131907252363134e-12,0.0,0.0,0.0
3840,2.2542575806028253e-10,0.0,0.0,0.0
3845,1.975464236636526e-12,0.0,0.0,0.0
3850,5.757376797532742e-12,0.0,0.0,0.0
3855,6.335842961391336e-13,0.0,0.0,0.0
3860,1.2256895498552468e-12,0.0,0.0,0.0
3865,1.9606427592577802e-13,0.0,0.0,0.0
3870,1.478505096130789e-12,0.0,0.0,0.0
3875,9.563672076495778e-13,0.0,0.0,0.0
3880,8.254985583988628e-13,0.0,0.0,0.0
3885,5.414080295196299e-13,0.0,0.0,0.0
3890,3.4403591087084353e-13,0.0,0.0,0.0
3895,7.642947275066092e-11,0.0,0.0,0.0
3900,9.730596328694219e-12,0.0,0.0,0.0
3905,8.876708257332666e-12,0.0,0.0,0.0
3910,4.27950452852599e-12,0.0,0.0,0.0
3915,1.9710499898906164e-12,0.0,0.0,0.0
3920,2.7076862973984815e-12,0.0,0.0,0.0
3925,3.343880727868509e-14,0.0,0.0,0.0
3930,8.010736518571094e-13,0.0,0.0,0.0
3935,4.110722873207351e-13,0.0,0.0,0.0
3940,4.610344328526139e-12,0.0,0.0,0.0
3945,4.521605312390875e-14,0.0,0.0,0.0
3950,6.562761445394472e-13,0.0,0.0,0.0
3955,3.957056904368983e-14,0.0,0.0,0.0
3960,1.1901891250332142e-10,0.0,0.0,0.0
3965,4.3885484912742354e-10,0.0,0.0,0.0
3970,2.1750639733753018e-10,0.0,0.0,0.0
3975,1.3286938216339194e-12,0.0,0.0,0.0
3980,1.0553780072086738e-14,0.0,0.0,0.0
3985,1.9648394022908633e-13,0.0,0.0,0.0
3990,2.0375912068715254e-12,0.0,0.0,0.0
3995,9.53792600455472e-14,0.0,0.0,0.0
4000,2.853244307488012e-11,0.0,0.0,0.0
4005,8.66495764029196e-14,0.0,0.0,0.0
4010,3.945621607215344e-13,0.0,0.0,0.0
4015,2.0800805522469545e-13,0.0,0.0,0.0
4020,4.821590904313666e-12,0.0,0.0,0.0
4025,1.1054568371804407e-12,0.0,0.0,0.0
4030,5.06076291983959e-13,0.0,0.0,0.0
4035,2.2311485992076997e-13,0.0,0.0,0.0
4040,6.096234628216734e-15,0.0,0.0,0.0
4045,1.1471366079263135e-11,0.0,0.0,0.0
4050,4.881084425534254e-13,0.0,0.0,0.0
4055,1.2519153491652445e-11,0.0,0.0,0.0
4060,1.1212142325689455e-14,0.0,0.0,0.0
4065,1.5166978784009187e-13,0.0,0.0,0.0
4070,1.5447465528950488e-12,0.0,0.0,0.0
4075,8.185097044588474e-13,0.0,0.0,0.0
4080,1.514899317101026e-14,0.0,0.0,0.0
4085,1.2635095192337077e-11,0.0,0.0,0.0
4090,1.3625767181224547e-14,0.0,0.0,0.0
4095,9.50107770236741e-13,0.0,0.0,0.0
4100,5.170164296686153e-13,0.0,0.0,0.0
4105,5.477436282319559e-12,0.0,0.0,0.0
4110,2.183808689437683e-15,0.0,0.0,0.0
4115,3.880529231281571e-13,0.0,0.0,0.0
4120,1.1660117316125707e-13,0.0,0.0,0.0
4125,8.640377302526759e-13,0.0,0.0,0.0
4130,1.1046308312501195e-12,0.0,0.0,0.0
4135,1.2912370062068134e-10,0.0,0.0,0.0
4140,4.2932324362254805e-15,0.0,0.0,0.0
4145,1.0938527861270585e-12,0.0,0.0,0.0
4150,1.874862487483142e-12,0.0,0.0,0.0
4155,8.791856132006614e-14,0.0,0.0,0.0
4160,2.1823653995056703e-13,0.0,0.0,0.0
4165,2.146584021645026e-12,0.0,0.0,0.0
4170,2.7678462855007523e-11,0.0,0.0,0.0
4175,2.1661339388856503e-13,0.0,0.0,0.0
4180,1.2451040198868668e-13,0.0,0.0,0.0
4185,5.296874050486622e-15,0.0,0.0,0.0
4190,5.929701174522961e-15,0.0,0.0,0.0
4195,4.700118072520354e-13,0.0,0.0,0.0
4200,6.229450288941507e-13,0.0,0.0,0.0
4205,3.0179414522990557e-13,0.0,0.0,0.0
4210,2.969957613174756e-14,0.0,0.0,0.0
4215,4.764140193458388e-12,0.0,0.0,0.0
4220,8.718359367776429e-14,0.0,0.0,0.0
4225,1.0005030903759148e-09,0.0,0.0,0.0
4230,6.135092434078615e-15,0.0,0.0,0.0
4235,5.046407736131187e-14,0.0,0.0,0.0
4240,1.4448442442471786e-14,0.0,0.0,0.0
4245,7.91255949650349e-15,0.0,0.0,0.0
4250,7.374767463375065e-14,0.0,0.0,0.0
4255,9.486278429449157e-13,0.0,0.0,0.0
4260,3.861244657343832e-14,0.0,0.0,0.0
4265,1.4582890450753894e-13,0.0,0.0,0.0
4270,6.932597829134579e-12,0.0,0.0,0.0
4275,3.337607967779377e-13,0.0,0.0,0.0
4280,7.548628389031364e-14,0.0,0.0,0.0
4285,2.5032198536223404e-14,0.0,0.0,0.0
4290,5.228428801018481e-13,0.0,0.0,0.0
4295,1.1113332476497817e-15,0.0,0.0,0.0
4300,2.8554936193359025e-15,0.0,0.0,0.0
4305,8.424971831288985e-13,0.0,0.0,0.0
4310,9.378287035843868e-13,0.0,0.0,0.0
4315,2.4625190775395824e-12,0.0,0.0,0.0
4320,2.1507240433038532e-14,0.0,0.0,0.0
4325,1.2021494910641195e-14,0.0,0.0,0.0
4330,2.715649927154118e-13,0.0,0.0,0.0
4335,3.4527936065842367e-16,0.0,0.0,0.0
4340,4.585665180911747e-14,0.0,0.0,0.0
4345,5.480060849549773e-15,0.0,0.0,0.0
4350,1.3045431401792485e-12,0.0,0.0,0.0
4355,6.439293542825908e-15,0.0,0.0,0.0
4360,9.235945341856677e-15,0.0,0.0,0.0
4365,6.027955912202288e-14,0.0,0.0,0.0
4370,5.3634874319641315e-14,0.0,0.0,0.0
4375,5.289944038366912e-12,0.0,0.0,0.0
4380,3.386110392078479e-11,0.0,0.0,0.0
4385,9.805489753489382e-15,0.0,0.0,0.0
4390,3.4727332121065047e-13,0.0,0.0,0.0
4395,1.2353895684213967e-13,0.0,0.0,0.0
4400,1.1934897514720433e-15,0.0,0.0,0.0
4405,1.0206280265379065e-14,0.0,0.0,0.0
4410,9.638459874672378e-10,0.0,0.0,0.0
4415,6.38378239159465e-15,0.0,0.0,0.0
4420,3.2518432391270834e-15,0.0,0.0,0.0
4425,3.823941163716427e-14,0.0,0.0,0.0
4430,1.088618084565951e-13,0.0,0.0,0.0
4435,3.9688141661997633e-13,0.0,0.0,0.0
4440,1.3657963648938675e-14,0.0,0.0,0.0
4445,5.384581669432009e-15,0.0,0.0,0.0
4450,1.1360912210989227e-14,0.0,0.0,0.0
4455,4.1972314512861433e-13,0.0,0.0,0.0
4460,2.5313084961453567e-16,0.0,0.0,0.0
4465,2.6612045900265e-15,0.0,0.0,0.0
4470,1.6564527527407336e-15,0.0,0.0,0.0
4475,3.4283687000424833e-15,0.0,0.0,0.0
4480,1.0705880626460385e-14,0.0,0.0,0.0
4485,2.971622947711694e-14,0.0,0.0,0.0
4490,1.2585599229453236e-13,0.0,0.0,0.0
4495,1.5169088207755976e-13,0.0,0.0,0.0
4500,1.4588330543574558e-15,0.0,0.0,0.0
4505,4.0245584642661925e-14,0.0,0.0,0.0
4510,4.668709863153708e-14,0.0,0.0,0.0
4515,2.900446549602975e-13,0.0,0.0,0.0
4520,1.5694112676101214e-14,0.0,0.0,0.0
4525,2.842237556421878e-13,0.0,0.0,0.0
4530,1.6325162333075126e-11,0.0,0.0,0.0
4535,1.284115369593053e-11,0.0,0.0,0.0
4540,2.59015031645049e-15,0.0,0.0,0.0
4545,2.035926982557612e-14,0.0,0.0,0.0
4550,1.5798473640415978e-15,0.0,0.0,0.0
4555,6.457834267337148e-14,0.0,0.0,0.0
4560,2.390310172017962e-15,0.0,0.0,0.0
4565,1.4563905637032804e-14,0.0,0.0,0.0
4570,1.9695356456850275e-15,0.0,0.0,0.0
4575,4.483302618041307e-14,0.0,0.0,0.0
4580,1.326716514427062e-15,0.0,0.0,0.0
4585,3.7310265987855475e-13,0.0,0.0,0.0
4590,3.497202527569243e-16,0.0,0.0,0.0
4595,9.902045849941032e-13,0.0,0.0,0.0
4600,1.3433698597964394e-15,0.0,0.0,0.0
4605,2.121863906801025e-11,0.0,0.0,0.0
4610,6.228351168147129e-16,0.0,0.0,0.0
4615,6.52811138479592e-16,0.0,0.0,0.0
4620,3.7903014060702845e-15,0.0,0.0,0.0
4625,7.753575559377168e-14,0.0,0.0,0.0
4630,6.217248937900877e-17,0.0,0.0,0.0
4635,1.4510614931850796e-15,0.0,0.0,0.0
4640,1.5287771049088405e-15,0.0,0.0,0.0
4645,5.651035195342047e-16,0.0,0.0,0.0
4650,1.1849410341824296e-14,0.0,0.0,0.0
4655,6.77791156533658e-15,0.0,0.0,0.0
4660,7.385869693621316e-14,0.0,0.0,0.0
4665,5.739853037312059e-16,0.0,0.0,0.0
4670,2.6123547769429935e-15,0.0,0.0,0.0
4675,2.3127055825966636e-14,0.0,0.0,0.0
4680,1.2022827178270746e-13,0.0,0.0,0.0
4685,7.241518495959554e-12,0.0,0.0,0.0
4690,2.847388991256139e-14,0.0,0.0,0.0
4695,6.280642672606973e-14,0.0,0.0,0.0
4700,2.603472992745992e-14,0.0,0.0,0.0
4705,1.5284329357712068e-13,0.0,0.0,0.0
4710,1.3322676295501878e-17,0.0,0.0,0.0
4715,6.354583526047009e-14,0.0,0.0,0.0
4720,2.5676127890505996e-14,0.0,0.0,0.0
4725,1.622924017397054e-14,0.0,0.0,0.0
4730,6.907363570007874e-14,0.0,0.0,0.0
4735,1.376676550535194e-16,0.0,0.0,0.0
4740,6.439293542825907e-17,0.0,0.0,0.0
4745,1.1240230968212472e-13,0.0,0.0,0.0
4750,2.3980817331903383e-16,0.0,0.0,0.0
4755,4.040656698123257e-14,0.0,0.0,0.0
4760,2.2082335959794364e-15,0.0,0.0,0.0
4765,1.809663530139005e-16,0.0,0.0,0.0
4770,8.43769498715119e-17,0.0,0.0,0.0
4775,2.863820292020591e-14,0.0,0.0,0.0
4780,4.54081217071689e-16,0.0,0.0,0.0
4785,1.176836406102666e-16,0.0,0.0,0.0
4790,1.4943601911454608e-15,0.0,0.0,0.0
4795,1.2212453270876722e-17,0.0,0.0,0.0
4800,0.0,0.0,0.0,0.0
4805,2.721156633356259e-15,0.0,0.0,0.0
4810,1.6364687382974808e-15,0.0,0.0,0.0
4815,2.2304380564719395e-15,0.0,0.0,0.0
4820,7.216449660063518e-17,0.0,0.0,0.0
4825,6.983302824892235e-16,0.0,0.0,0.0
4830,4.8960835385969405e-16,0.0,0.0,0.0
4835,2.8604896229467156e-14,0.0,0.0,0.0
4840,8.881784197001253e-18,0.0,0.0,0.0
4845,4.263256414560601e-16,0.0,0.0,0.0
4850,1.801891968966629e-15,0.0,0.0,0.0
4855,6.996458967734043e-13,0.0,0.0,0.0
4860,2.9520830224782912e-15,0.0,0.0,0.0
4865,1.4743761767022078e-15,0.0,0.0,0.0
4870,1.3355982986240632e-15,0.0,0.0,0.0
4875,1.9739765377835285e-15,0.0,0.0,0.0
4880,2.227329432002989e-14,0.0,0.0,0.0
4885,1.5432100042289676e-15,0.0,0.0,0.0
4890,4.651834473179406e-16,0.0,0.0,0.0
4895,3.9634961979118087e-16,0.0,0.0,0.0
4900,6.572520305780927e-16,0.0,0.0,0.0
4905,1.2501111257279262e-15,0.0,0.0,0.0
4910,1.3211653993039362e-16,0.0,0.0,0.0
4915,8.881784197001253e-17,0.0,0.0,0.0
4920,1.1102230246251566e-18,0.0,0.0,0.0
4925,8.659739592076221e-17,0.0,0.0,0.0
4930,4.521161223181025e-14,0.0,0.0,0.0
4935,2.0650148258027913e-16,0.0,0.0,0.0
4940,1.234123914173324e-14,0.0,0.0,0.0
4945,3.252953462151709e-16,0.0,0.0,0.0
4950,2.863820292020591e-14,0.0,0.0,0.0
4955,6.661338147750939e-18,0.0,0.0,0.0
4960,2.9753977059954197e-16,0.0,0.0,0.0
4965,9.992007221626408e-18,0.0,0.0,0.0
4970,5.551115123125783e-18,0.0,0.0,0.0
4975,4.962696920074449e-16,0.0,0.0,0.0
4980,1.7408297026122454e-15,0.0,0.0,0.0
4985,1.6986412276764895e-16,0.0,0.0,0.0
4990,5.562217353372034e-16,0.0,0.0,0.0
4995,3.896882816434299e-16,0.0,0.0,0.0
5000,4.796163466380677e-16,0.0,0.0,0.0
